origin,defeater
0.0117066304387766,0.0168107668592693
0.0752830021040433,0.049339446392017
0.0629146140995813,0.0740468581398862
0.0203031979990465,0.0430078293737798
0.0275318898637709,0.0345349017137855
0.0210735282038758,0.0301298457015329
0.0389252559551861,0.0442974508946266
0.0068219383579705,0.0121492481195633
0.0181920375935611,0.0243156308794433
0.0108770327973987,0.0594169388299176
0.0273207561363815,0.0290678449527689
0.038749296228374,0.048975094659998
0.0480593504600927,0.0637664949118839
0.0185783502457387,0.0194160218002087
0.0072302138619568,0.0097844979392164
0.0169822288731727,0.0284032011712884
0.0760379396237601,0.0846425386965502
0.0302005163780758,0.0546462868957067
0.0142568687950228,0.0292447400837044
0.0166647821026767,0.0216206710258233
0.0145384937730085,0.0293712514657495
0.0287806508612464,0.0217735112007022
0.0894149780776773,0.1097891644781889
0.0452389439831399,0.0521244663067555
0.0227909701955213,0.0386805260742055
0.0686771228304833,0.0531200337858195
0.0053114501647338,0.0125507476504078
0.0220034110237175,0.053465659241603
0.0668038662886633,0.0715145041350468
0.010807434202798,0.0188308760646183
0.0078043623357277,0.0339755308574969
0.0352113497797014,0.039286858838523
0.0233653121113383,0.0402183583443183
0.049975938260443,0.042890807165282
0.0242465844484954,0.0295519164682319
0.0269853455531587,0.0287767267654883
0.0340073027572414,0.0501498273574574
0.0615596391548721,0.0645443943789537
0.0014062855863683,0.0035101357790266
0.0305842729645638,0.0471377505274901
0.0075705563981756,0.0137794606896113
0.0370550300004516,0.0418010098793646
0.0836353228063588,0.0894684364800749
0.0812715346741207,0.0945080891073854
0.0277991809447346,0.038228072155969
0.0373823302077322,0.0539182432212353
0.0301270096148278,0.0566442403767528
0.106170449256571,0.0834807978056736
0.032156851698338,0.0459149900345115
0.0185860277828499,0.0296957312198678
0.0680078832937477,0.0689832960659896
0.2341508617137155,0.2713510040346973
0.0454197708066419,0.0513804316253888
0.1027823084220896,0.0874265069050656
0.0100676850475137,0.0244855025486103
0.0066328719628381,0.0112410307252831
0.0485118822345434,0.0340202648318888
0.0016237280265148,0.0098478885369377
0.0351098804060986,0.0572254299286139
0.0593370003534114,0.0755743469990209
0.0225809486284839,0.0437827250106043
0.032027091128741,0.0339174909400756
0.0162879171746273,0.0277768418824609
0.0256846854547136,0.039417624355163
0.0169026497594702,0.0703878602068763
0.0086183991120299,0.0159794174027917
0.0095596110700496,0.0321202772384529
0.0399272097774448,0.0744622648729789
0.0100602194567781,0.0173199519574337
0.0186152266234875,0.0391834481339192
0.0313054426139509,0.0339828391175229
0.0410190354755338,0.0590526321395406
0.0131856193209911,0.0427101992553565
0.007655231679167,0.0316126511402419
0.0321271423372008,0.0449619297237148
0.0334360951749412,0.0405758034235316
0.1030752478970365,0.1459951243279379
0.0140788136249452,0.0691565033826294
0.010747701885953,0.0568165104081188
0.0108383892136414,0.0186594440451833
0.0207652082685835,0.0221375755496905
0.0039204685239942,0.0107297190756864
0.0181363278284459,0.0225525512434802
0.0150305488138685,0.0312038176376162
0.0280209307531865,0.0313280412654417
0.0484007944092525,0.0484049105760901
0.012699048657029,0.0145934339652878
0.048773691981299,0.0621403013331752
0.0421508024034095,0.0667887637656306
0.0256929839824408,0.0349636828314216
0.1262790547109846,0.132325476156393
0.0080462131612123,0.0222301499074554
0.0549287050162571,0.1282160161757208
0.039808734237819,0.0453628505020612
0.0388843174273926,0.072439427451278
0.00600651483803,0.0272284625201753
0.020488120317652,0.0381115504589823
0.0184613477731917,0.0322988725439548
0.0501214267246918,0.0597492497229244
0.0271884756700463,0.0284880520919518
0.0047646544910503,0.0176149180945441
0.0242956813072421,0.0319123146439937
0.0203576951966802,0.0281547330541794
0.0073532247852363,0.0101446354269326
0.0279485825622936,0.0298808819957424
0.0281009081809148,0.0315785326651607
0.0419528820668719,0.0571923452607857
0.0816180295866444,0.0774225941818455
0.0377900166376264,0.0280799475175171
0.0496294948658906,0.0601033936424724
0.0211416299229025,0.0307710292061674
0.0199997817791738,0.0400306467725179
0.0311282155738979,0.0538958106799044
0.013178918320668,0.0401264722502211
0.0874683459458008,0.1002403155323326
0.0362724123806601,0.0541704539399585
0.0188018003227099,0.0215530975322711
0.0048250378757219,0.0139749369899577
0.0557306276670298,0.068391434781762
0.0398508379382331,0.0447499037940848
0.0068453076863444,0.0064765899714833
0.0083735439522537,0.0161448920894979
0.0121229739286499,0.0207542031171433
0.0410985154388627,0.0494016448458096
0.0121573368296556,0.0210045249212356
0.014499515291754,0.0232516362112339
0.0305820055694731,0.0546501047963078
0.0355159144715615,0.0563462216582671
0.0383546996791539,0.0287526582409144
0.0199590599738043,0.029514688201146
0.1045614725552554,0.2542016247767847
0.0130385497920456,0.0275935988182782
0.0383263473894686,0.0355480762046188
0.0336087184732212,0.0569851660001737
0.0338176980925618,0.0469467028973373
0.0093540659267707,0.0255691866033142
0.0618820853338791,0.0606200788107185
0.0083886254075212,0.014022204181568
0.0326821964541424,0.0568298208298023
0.0272090616170273,0.0756423461257838
0.0215437513948741,0.0209876150324954
0.0929618582673245,0.0817319166925225
0.0846489908119784,0.1248933405358687
0.0252366564024361,0.0431776808699101
0.0434990039119559,0.0793193844627575
0.02520015985722,0.032934549172575
0.0145723599704094,0.0159182686733589
0.0747963998945732,0.0377259333007055
0.0177295564478563,0.0326293818921824
0.0126329219225028,0.028701506055421
0.0245332635707174,0.0409032476936814
0.0056825793532783,0.0160484806818484
0.0609428353938177,0.0765341577907473
0.0118560517056797,0.0224912348068273
0.0148130683084513,0.0134649891926678
0.0392184762440042,0.0564664023316699
0.0680249624121606,0.057687789354998
0.0320967420637755,0.030442811404667
0.0199250194285318,0.0253108254876891
0.0282525565970844,0.0479709978046213
0.015359388597424,0.0180025284519305
0.0193780137641785,0.0140607355862699
0.0192746121647335,0.025928287996572
0.0231958539989154,0.0298041889549272
0.0123758610334075,0.0218545278509665
0.0170152318798466,0.026279173489973
0.027538145954963,0.0322155480371236
0.0372809842263248,0.0609873327214604
0.0195811205439117,0.0420750218273888
0.0202782067047755,0.0231500743486146
0.0393562663023773,0.059282448176309
0.0183743147363743,0.0165104625959922
0.0173656856427991,0.0330874678903018
0.0477740016099084,0.0540402372549729
0.0821075833443247,0.0970159005479834
0.0265398965684651,0.0268801969907141
0.0274852741765261,0.0250444682797213
0.0116556195235187,0.0243044824588741
0.038453471924379,0.0489311443228415
0.0219413853938551,0.0326305982926193
0.0335594416556056,0.0409174368102089
0.0230132910184604,0.0375371813702017
0.1226544823785276,0.1632752188417829
0.0170191720696977,0.0195538796511867
0.0222749960357046,0.0338724622627314
0.0454413010278894,0.0662315182686532
0.0140100964902708,0.0422930095410468
0.0553411986121268,0.0541819449033836
0.0633726848888413,0.0719729954349679
0.0197896922566293,0.0236781782050144
0.0599704719314742,0.0532667609257717
0.0225190693042037,0.0226725137719302
0.0164267005456831,0.0174503178335222
0.0449092145946801,0.0650905778906269
0.023393006586034,0.0258086560408576
0.0290763316947466,0.0459060903700017
0.0165016080784298,0.0368317702161617
0.0395926228304672,0.031134900626356
0.0403525263605707,0.0348749937003541
0.0137796993001136,0.0607231902645694
0.1040832309785462,0.1177507017675475
0.0012660051879795,0.0049331218060812
0.0214391721763834,0.0587630734045677
0.0143806107571967,0.0245224759147366
0.0182080742335903,0.0356382042995171
0.0355925267602543,0.0567812105588898
0.048212418488555,0.058381734459928
0.0385091863131514,0.0515469320700954
0.0190706953564521,0.0323489908114788
0.0273591741414565,0.0295678612419274
0.0348398501106772,0.0487698127901373
0.0493177002535535,0.0563435710243732
0.0168543678429583,0.0343698438133953
0.0893129605770997,0.0837919894917105
0.0244661173391944,0.0274383296634343
0.0321419012782478,0.0253480743242656
0.0058943773527168,0.029013644759685
0.0352044102879944,0.0540417210500558
0.1625517708110376,0.1237113592418038
0.0216857498759292,0.0386192053518199
0.0309821408921757,0.0549273129618577
0.0323271998894865,0.0788035401922748
0.026108666716767,0.030432416384727
0.0196503640498699,0.0237577740387706
0.0217954296000382,0.0300747522065428
0.0221325560901062,0.0223312479174301
0.0050118851536414,0.0107914215949237
0.0241835494622237,0.040991312031936
0.0184740399049791,0.0525912474328279
0.0311752726997348,0.0387217975299263
0.0574154120086104,0.0539124050057321
0.0408419894249646,0.0369811959492877
0.0195209818275682,0.0528892881190054
0.0272899390717075,0.0505244951660835
0.0369227457557833,0.0525525767973902
0.0550419849280003,0.0595205666678389
0.0137710221818233,0.0363456912110377
0.0175553740119432,0.0213409015048048
0.0570493344738399,0.0507551798348757
0.0405824896362687,0.0614775442502877
0.0117257373530983,0.0482135865633428
0.2423621779847336,0.1896113264944929
0.0186651313167814,0.0372795735562234
0.046210145098452,0.054580937440908
0.0243111741812628,0.0297749334930325
0.0097412324955134,0.0309365114796311
0.023671551962381,0.0485534656721427
0.0285589579615968,0.0268412176483991
0.0776567317650864,0.074224827814812
0.0208306587492953,0.0276886197283075
0.0181760666908685,0.0227921684514479
0.021421535105398,0.0190963018780405
0.0523096529630513,0.0479366490638287
0.0376015804182312,0.0372088720201351
0.1232025752610782,0.1519021618829271
0.019615046926588,0.0368944642698771
0.0396784859689935,0.0532392807300576
0.0680942840783279,0.0741477353380182
0.0193225452973863,0.0338869576747581
0.0340747730030076,0.0342484527336805
0.0240853345515857,0.0181393651742821
0.0344784277809573,0.0377202851132827
0.0456388335522611,0.0543038615762341
0.0427379182077193,0.0526325686923166
0.0313666967458211,0.0363048979684886
0.014965910516825,0.0239832459296377
0.0350505180852465,0.0277490295401907
0.0163753648317891,0.0386520049776474
0.01750277118386,0.046648989948036
0.0081063013284468,0.0108393242102193
0.0139411779134229,0.019068390955257
0.0140245328092256,0.0136165347187092
0.018311753458729,0.0199418197280658
0.0190743934380633,0.0212135982711103
0.1717328318742145,0.1457847686673814
0.0086278097946546,0.0126192274618005
0.0299497732409936,0.0463269468976031
0.012688082730873,0.0195814154799609
0.0305032852298432,0.0462766788423654
0.0394961540202933,0.0336891914681463
0.0205114399238821,0.0502404572019234
0.0882317542315859,0.0618400410261806
0.0671977854544476,0.0734876119292508
0.0803723531958895,0.0713960747028271
0.0327287124313035,0.0683899961925222
0.0044037759932922,0.0037384084119019
0.2457607816417427,0.2267408768946136
0.0544197954549518,0.0569285088961657
0.0217362291262551,0.0394830020049656
0.2293422481327907,0.1684178355627738
0.0216411446517287,0.0215866554048234
0.0348436630944669,0.03571126659157
0.0216982672096785,0.0305750065866072
0.0753482331194808,0.1000453753377179
0.0089757808523787,0.0209731990526084
0.0457314263638685,0.0564435502872724
0.0131579798553338,0.022814728443124
0.042082903096835,0.0369356511002426
0.0088858695603775,0.0134379207442668
0.0277712107047756,0.0429891771207007
0.0898388565558379,0.0988337784397616
0.0249803029700887,0.0251948599870796
0.0283950472499028,0.0334583719212142
0.0217622980556911,0.0227192106344354
0.0111777758056463,0.0494539464561579
0.0623824565012769,0.1074507331254363
0.0653208136594344,0.0775538605635815
0.0260978822664026,0.0418101346007457
0.014402932144359,0.0261753534858849
0.027213215414856,0.0432402675784777
0.017577210786437,0.0286952099310778
0.0191348003980774,0.0317614748390009
0.0473529445919587,0.0388413082740849
0.0735010195587835,0.1047833574143126
0.0044497305413241,0.0218764459050742
0.0218421235565581,0.0325037022698125
0.0334927690866046,0.0436548421957664
0.0271323084649046,0.0343425893049783
0.0038096791179565,0.0271446093500497
0.0187660301254645,0.0266084777759999
0.0610396093918653,0.0817064684158087
0.0198528636481407,0.0228193871886633
0.0060291029860293,0.0330350955049325
0.0347542325800314,0.0277187435168985
0.0299541833607458,0.051464936235992
0.0530414957603408,0.0580197259246157
0.1728406808920168,0.1406930012400786
0.0479979702581395,0.0529504740444868
0.0141329840131776,0.02372667906799
0.0338507603938662,0.0469898967334507
0.024542746992196,0.0395597900004886
0.0223527684134289,0.0332113124801766
0.1232869702473386,0.184930455371008
0.0363696548970435,0.0429658694157089
0.0396644628539892,0.0403180327696638
0.0130387757932694,0.0342441812794591
0.027369895284459,0.0321751563089393
0.1057073297693221,0.0968689604132065
0.0077046236326192,0.0229120937469381
0.0681817081197832,0.0436817917470638
0.0052046489093047,0.0116850328868301
0.0245300353359056,0.0361245019587163
0.0065811862853775,0.0154541011170233
0.0182795073040758,0.025271791537236
0.0127469355553383,0.021028810434829
0.053008486318558,0.0548802775020422
0.0258661332435875,0.0473746336214246
0.0266910305110413,0.042592982620862
0.060681337590225,0.071597159849164
0.0508569761013951,0.0694308706707067
0.0360086741574576,0.0461334532279093
0.0343940521999532,0.0380257306528715
0.0369085260242413,0.0424873954206487
0.0349185214730059,0.047190759099447
0.0199577561002977,0.0243634259963168
0.0727655283358884,0.0445751886455568
0.0023396233356893,0.0082055844108683
0.0161929282461146,0.0215984756590302
0.0111789363731574,0.0343255925374484
0.0152817561548254,0.0548056889365177
0.0726584408030862,0.087441245271698
0.0908405956324991,0.0940160203670604
0.0262754895336996,0.044963423060526
0.0150054467307473,0.0701403655487517
0.0104381508908727,0.0177714000930533
0.0679563022888631,0.071449814486546
0.0143744186811765,0.0312266131566889
0.0217212672056506,0.0247212119257072
0.0288568837725481,0.0468387027548915
0.0310400573478574,0.0644847603248493
0.0514882932781635,0.0436098333274222
0.0176378985027838,0.0252842571850892
0.0230771159377621,0.0461190111272931
0.0391709015803803,0.0414843031817876
7.536426059286549e-05,0.0036263850407439
0.0586330907559366,0.0874286269710904
0.0024162525720566,0.0074057941032885
0.0223720635061198,0.033076901169252
0.0660215791720601,0.0777483679975456
0.0060553795594707,0.0189224050418443
0.0761539009543441,0.0847307980086413
0.0191804209523929,0.0272063266545386
0.1624663463360751,0.1056431695869493
0.006990118753798,0.0150541266256176
0.1381722537679722,0.0976660205547996
0.0514934835669075,0.1031963508678673
0.03901393842712,0.0424561714621248
0.0152236831288967,0.0342658833844497
0.0329137642130806,0.0274341987250202
0.0192648149622398,0.0225271684607844
0.0227523063072257,0.0365523602073402
0.0321221487876797,0.0449498971852303
0.0508568446488991,0.0406773070652488
0.0270610649679588,0.0297670303633658
0.0523768650531857,0.1338940665779306
0.0546347499392134,0.0784812069944092
0.0562628900820145,0.0870212812751285
0.0149550665414496,0.0266789230694917
0.0387361934609253,0.0352160774808184
0.0999468441157004,0.091089459870611
0.0128137930320373,0.0368543861881024
0.0293348544665915,0.0327446539430902
0.0219169045257967,0.0338168420664052
0.0282651606952415,0.0383824094850399
0.0202987241231722,0.0299452160975155
0.0172112998995787,0.0276080711417855
0.013481082047923,0.0407505155700695
0.0165068863777419,0.0292334794622472
0.0392822001717047,0.0306067328875836
0.0711336974760348,0.0936133805490651
0.0040586757856611,0.004872299258886
0.0262021732699819,0.0396503933739864
0.0161312692978145,0.0438690504520778
0.0227739764152738,0.0272933232904185
0.0408298411124272,0.0419702513464215
0.0430286434608164,0.0555842302843743
0.0492569824500855,0.0417047507092494
0.0170122322340768,0.0305920378137435
0.0929062400136274,0.0780875857618677
0.0144739525276577,0.0200441323829864
0.0273812467194086,0.0334293551160423
0.0497940755419397,0.0770925871259069
0.0260560998943581,0.0312822225601912
0.0263490828977166,0.0481314097095036
0.0708397022170514,0.0724368211138713
0.0171158049189855,0.0109222688279037
0.0099604802239548,0.0213463135164828
0.0245212306973153,0.0403165723987119
0.0172163127961357,0.0223571814459336
0.0491366885041437,0.0504038935763869
0.0184157085067414,0.0358008899026748
0.0064601021327509,0.0127351836326879
0.0293916420974919,0.0311183072191302
0.0166821313856481,0.0287095069466162
0.0382439114330333,0.0331298826600821
0.0126270961220304,0.0218836039890703
0.0280077810923915,0.0443183508524892
0.0205949207941473,0.073068751991071
0.0330887303640679,0.0444225674492936
0.014392272391309,0.0132103910284333
0.0583866583229447,0.0482849667199452
0.01750266773519,0.016950917742815
0.0146760166690681,0.0219814247449478
0.0157693646293214,0.0159784400782377
0.011893593362253,0.0270872410452283
0.0103291278944104,0.0200860499643777
0.0366480599761116,0.0387629444645237
0.03750451023672,0.0411930765725125
0.0856788062709624,0.1180861396182106
0.0045276522624335,0.010175045778025
0.0238747923176728,0.0248225861345994
0.067824764846813,0.0632688182044877
0.0074995603538098,0.0171138311887605
0.0360652693973716,0.0782144228497012
0.0167443872682227,0.0345286034921385
0.0326128244580348,0.0466953744203304
0.0423036610941153,0.0624629909755272
0.0719915438017054,0.0675105837450126
0.0235365696041738,0.0550873610180886
0.0306155366801092,0.0284651047841437
0.1863351087068849,0.1810944455689242
0.0734006488504706,0.055974983481249
0.083462660965197,0.1124843576605598
0.0364846856507948,0.0471172931704597
0.0566476233643869,0.058632234847582
0.0137091283003462,0.020327800961265
0.0100964946663278,0.0231583437106359
0.0125697992647347,0.0138175783406001
0.0352835044867512,0.0539077572066728
0.0563326497752391,0.0656269231702658
0.0095167442702761,0.0411664797958355
0.0671129768615081,0.0870520906362995
0.0392592206174614,0.0695164221716164
0.0456152787885904,0.0361708566041931
0.0252644538570098,0.0255872908355304
0.0406761283050041,0.0618499845123377
0.0644731779122225,0.0614574569308208
0.0163985949599646,0.0320264688662796
0.1278566123911229,0.1512338872019107
0.1577369595586299,0.1525727997222885
0.0176920669894176,0.0252063857882285
0.002320687003516,0.0226276232834717
9.769441187964048e-05,0.0023704643343202
0.0470058447763558,0.0425677304673951
0.0369414811463183,0.0559592676999077
0.0346323516472553,0.0455897280415458
0.0514654479140564,0.0557579797730838
0.0143914490484306,0.0275004816571101
0.015200786229114,0.0280977174089722
0.010065428123138,0.0209490651712945
0.0088785757851231,0.0081111781930987
0.0373669101396984,0.0356999736611885
0.0353798592529788,0.0383309550030933
0.0014693433311625,0.0144933680484282
0.0213216886717253,0.0281266050975511
0.0343959931628082,0.04506429230004
0.0413076501745271,0.0551040584409065
0.0882048279788617,0.0923063876773039
0.0266917761996673,0.030634276466852
0.0433863676519745,0.0576713711622428
0.0075806376149999,0.01062947562344
0.014514008529479,0.0351285444558764
0.0074781774432896,0.0247648670314036
0.0150997171527397,0.0242038815767013
0.0601128356260814,0.0556031491315294
0.058866781672971,0.0544696606432135
0.0231316577849191,0.0296828634766143
0.0611918761684913,0.0724523330147607
0.0249116684484635,0.0275176269690873
0.0192610211001215,0.0266111791272303
0.0066762605454502,0.0133771989228405
0.1128163697105367,0.0940527191901991
0.0166222842063118,0.0328332884842112
0.0186818300424184,0.0312718344212698
0.0041548636555941,0.006458000171754
0.2100196665398489,0.1840235959964367
0.0414479529694206,0.0364648685976885
0.0090134340267879,0.0234718829833528
0.0409801915346482,0.0529793424085136
0.0112946753171182,0.0114447789860208
0.0693087244495955,0.0883806079066135
0.1293052380857977,0.1016400380734655
0.0439135807171252,0.0613613074737372
0.0430601051297142,0.0389853351350495
0.0381509322680303,0.1014894483091861
0.0047568353968905,0.0866665445961232
0.017163915326736,0.0264940198004788
0.0182625067142063,0.0295618333662355
0.0146443620236461,0.0187820687721131
0.0427461919822854,0.0438665739200036
0.1825943721913966,0.2140077041800713
0.1114612963698435,0.1105461285778639
0.021146416446051,0.03043276941706
0.0179804690039261,0.0622695524475951
0.0083841797331553,0.0158286017099222
0.0205823878552305,0.0201265614102541
0.0164923661258451,0.0536533705962732
0.0520289664894315,0.0468505709976152
0.0469638076304301,0.068443826993224
0.0080548645345968,0.01973898630476
0.0498776745657468,0.0641332516082543
0.0437482273775034,0.0499602368668643
0.0351599703091434,0.0541236267959495
0.0509871947470212,0.0463121495118132
0.0988316859410885,0.1589278915080964
0.0165508953807442,0.0535739691416044
0.0163471788176086,0.0226930587066336
0.0446530387868867,0.0690026881625515
0.0428125466682452,0.0657022836233291
0.0155662561242912,0.0187708010806282
0.1069151700724209,0.1194465995340387
0.0407133772565782,0.0527564300813001
0.0329873409747448,0.0326002285941466
0.0618911433594222,0.0430210073990398
0.0320124699837739,0.0484878524399816
0.022237539525569,0.0177626637064126
0.0421910349673519,0.0392434194586982
0.0001205828169485,0.0038123745218764
0.0317616943557747,0.0305043181159498
0.0141355995900595,0.0459773063035799
0.0155514949904788,0.0153200041757527
0.0298512288981733,0.0416792797636926
0.0891417880228848,0.1097723688841374
0.0128135257442021,0.0203498654803951
0.0204424984114938,0.020688229574833
0.0312841195385288,0.0519919391460137
0.0552181673647849,0.0655668452425202
0.0874765112170982,0.0722777749904122
0.0492482875644599,0.1728827049196137
0.0774987134738999,0.0790351785016612
0.020076634149363,0.0225950629612046
0.0264387429220148,0.031666068767576
0.0539468552783801,0.0627719197918128
0.0501925174771029,0.0623931208434039
0.0459204738940243,0.0571850130315086
0.0491720565119595,0.1132019291369523
0.0309684831086843,0.0442793384384386
0.0054419451512306,0.0216160727637707
0.0528104376216051,0.0598476839100187
0.0007011168568907,0.0016638807988728
0.0379595860539904,0.0351761480231183
0.0330667603031345,0.0357847999783114
0.0317530292504382,0.0318911596974693
0.1086232336844607,0.1150726257533567
0.0047617936683891,0.0213666434387978
0.0171838480144898,0.0170078961811987
0.0244379488982876,0.0447006263078749
0.0156755091096538,0.0188245864929044
0.0186683949730001,0.0332593595079379
0.0328928679317572,0.0424023904007204
0.0123851335764697,0.0160003190291555
0.0202412616948176,0.0316571397420184
0.0234131050813289,0.0345782309104362
0.0252082081246429,0.0477768226222215
0.0134632679113475,0.0321811379357348
0.0256191263126886,0.0605751688304275
0.0138653281268225,0.0235434540351698
0.1258896898140138,0.1136223355803224
0.0858846597501748,0.0911882415810527
0.0288420793972293,0.0393546594407755
0.0091386674368854,0.0173279199544278
0.0157998342280036,0.0233444615360079
0.0096364773733675,0.0410653723661865
0.00493325632381,0.0207007692637601
0.0142984076882151,0.0376047679620216
0.0102015105194582,0.0175385312849629
0.047856290826259,0.0583503686905467
0.0491577580223026,0.0578592208665929
0.0107385624946249,0.0192779870638579
0.0253617878006575,0.0229719365092633
0.0049211334555607,0.0180340401590032
0.1172217219630724,0.1367774743358542
0.0909218629904922,0.1311564510555229
0.0293471216383242,0.0496148405459813
0.0160229521324404,0.0204398176360389
0.0282507112197063,0.0321559471662103
0.0135876041130274,0.0344064319395363
0.0324806089664776,0.0286806369858202
0.010395717445419,0.0159199923961747
0.0294030226358505,0.0254431631805258
0.0486526453520538,0.0749846168445705
0.0381262884724348,0.0407471066251749
0.0112550486243635,0.0159236053339822
0.100451423221355,0.0775696851967824
0.0138825694446572,0.0241164268364902
0.0439556057467631,0.0346456942533259
0.0083272784795072,0.014644322144049
0.0248867750521544,0.024333271831132
0.0675223317674248,0.0563910622081585
0.0201550712569479,0.0331721024600269
0.0185716450691196,0.0237364679330244
0.0546361074566015,0.0565754189221256
0.0241047572250988,0.0781025289036463
0.0664651890280081,0.0760103124865929
0.0172453371944115,0.031360550842697
0.0129075479248478,0.0258699346272022
0.0413112289899816,0.0536687811608071
0.0364398794873083,0.0422132887335392
0.0155306163665847,0.0172462580064877
0.041619018045914,0.0616501707608487
0.0146618619904903,0.0267275215226925
0.0218336927082831,0.1261811205356536
0.027342095233851,0.0525673680837547
0.0365827796599899,0.0775882264687007
0.0274735138902057,0.0336767016486281
0.0596440048931807,0.0660373140118996
0.0630678391280959,0.2598557817612343
0.0251987978965775,0.0259370657210192
0.0065966716611258,0.0114174607431063
0.0130517861671532,0.0588247061757812
0.0515442373115826,0.0784298681226698
0.0233136164668509,0.0461402625415711
0.3207340711559471,0.4298098875227076
0.02602575132436,0.0206101104228887
0.1045541223856371,0.1231668725114514
0.0369039587113465,0.0446244720321438
0.0308001871606202,0.04648906665648
0.021415078471916,0.028700198880018
0.0132456305425553,0.0461941482389084
0.040405140461488,0.0565342804841018
0.0788970188594468,0.1142240536221216
0.0104500427340822,0.0223198063532529
0.0299754423972552,0.026851864991478
0.0226056503475496,0.0243642825749556
0.0141431885505063,0.0216491702860032
0.0460675636729257,0.0583060724647832
0.0184943263671654,0.0216554886142738
0.0028532145707991,0.0168982862460749
0.0334343480877321,0.0523906475918479
0.0173080064793557,0.0377742428688599
0.0311959542702634,0.0801442812622127
0.0734592472689912,0.0785796478638431
0.0220006515810781,0.0187544449410916
9.135061890044302e-05,0.0124940506811582
0.0331284450909588,0.0345380864415186
0.0288514709329038,0.0334085488550103
0.0275119626579476,0.0312453949988672
0.0148988798730462,0.0104784277075045
0.02620490943034,0.0349789379509858
0.0157145643653481,0.0260550969481318
0.0815677702984295,0.067071525684491
0.0224090293626215,0.0275085548319975
0.0847802238506979,0.0815072444579758
0.0330593938110796,0.0395765405636963
0.0187829184587349,0.0472969239664604
0.0180444565017277,0.0379750507546444
0.0422506568295838,0.0306607484303207
0.0410106234764582,0.0485404595046408
0.0742121686201541,0.0626510457516285
0.0502323820206973,0.0522815005520463
0.0445150146014053,0.0503388485945384
0.0359657950020896,0.0451335418398274
0.0834885457124964,0.0611829578362751
0.0071866503500384,0.0458929136119909
0.0449461590938796,0.0607166200296031
0.0315129603508606,0.0361696207049211
0.0280295471896922,0.0287986258464303
0.0172868477025288,0.0331221057547549
0.0829972140792251,0.1014274199847045
0.0140620115237637,0.030823360300482
0.0145701853167465,0.0241827730084593
0.0314572837846729,0.0486893914312237
0.0134009538311469,0.0295893378995114
0.0150478482657482,0.0210249166574995
0.0065955033270554,0.0112439794464663
0.0439638727192005,0.0411518489866986
0.0312508281073146,0.0429800811218599
0.0135354083793948,0.0156966730678766
0.0567934535932109,0.0530871337935245
0.0355560812932611,0.0403272322224948
0.0118352190800259,0.0253333937849458
0.0088721818043072,0.0159050380088888
0.0742410675465167,0.0834636867111435
0.014325818598912,0.032121057079938
0.0389331353172324,0.039616587375605
0.0143614536742111,0.0210324692963103
0.0823340532624551,0.0738745546532638
0.024940460927035,0.0382743440633112
0.0042833822050754,0.0189792562704883
0.0685356686976556,0.0946562946527563
0.0095965627060392,0.0352019834588143
0.0334398844017007,0.0709646325833478
0.0463808736821135,0.0616000950117947
0.1230806844623775,0.1264245562719174
0.0363714426782913,0.0430574971783009
0.0197633486509205,0.0462457209176499
0.0185117180624591,0.0274719603225966
0.0134036139063516,0.0301006118384151
0.0432909915885239,0.0420137661250649
0.0087635534819467,0.0209326624214533
0.036874958598552,0.095354299329743
0.0770513114699228,0.1007296026098137
0.0247453186791266,0.0300088180971239
0.0483434613785462,0.0565001548865936
0.0056102179407889,0.0188228711931391
0.0335819034927715,0.0304119937829447
0.0169054142243733,0.0375940919241289
0.0198897779969293,0.0228891157680878
0.0144955046998099,0.0112619722260898
0.0487052604063025,0.0934342762625717
0.0148363158954205,0.0448191600110425
0.0425351554347708,0.0480184890008143
0.019392476392966,0.0316852456603487
0.0112718924966011,0.0119787181805461
0.0601442221609827,0.0628099747514936
0.0184318880861404,0.0284129145322824
0.0935440545098652,0.1039697735197904
0.0225779938207068,0.0216740278276462
0.0787608927201246,0.0765002230890808
0.0066244998279239,0.0171705782393987
0.0131986589908411,0.0118890320025782
0.1921614503513159,0.1592869508630353
0.0221500089361641,0.0279625174069106
0.0952168395386613,0.0698455504245827
0.0081844721934046,0.0339743072207108
0.0444149282115539,0.041460460746844
0.0230035653750472,0.0259289775154581
0.00555683224289,0.0192143724402882
0.0920311263534651,0.1143488561577534
0.0244463881622739,0.0385139476542029
0.0270136128474306,0.0382052723181007
0.0052898641545607,0.0179918054341785
0.059898780364847,0.0931103376302109
0.0129191472059466,0.0153207277555558
0.011292195134673,0.025195178825816
0.2101225427881014,0.1561026345379919
0.0236200288348026,0.0528566191519982
0.0253927102933104,0.0406408889203768
0.0105022388831107,0.0301380904848327
0.0325772134349843,0.0360853551709881
0.0207526893549931,0.0395696832618428
0.0265668107767123,0.0358842043574641
0.0700366054535495,0.0639686550408256
0.0143094498262267,0.0185733669737952
0.085292557664811,0.0868942345795884
0.0282906960162454,0.0279503632175215
0.0174889719593343,0.0192885670815878
0.0348719942618104,0.0309810813282087
0.0285819393155231,0.0461393599236154
0.0118966400012387,0.0437868533980814
0.0144678794525052,0.0310878932375912
0.0284727626692158,0.0487394871047618
0.0800303897648257,0.06515070251739
0.0480270171195171,0.082320531217093
0.0195113365040479,0.0243789796292461
0.0076972322127196,0.0121823836146533
0.0639245110488489,0.0584729749739382
0.0073158186119898,0.0101067348281522
0.0823207111946684,0.0948605914632345
0.0280407870439249,0.0322850977962764
0.0012644360404539,0.0109938059140115
0.013352881523456,0.0171065493608484
0.0950681986184323,0.1261176476171656
0.1948563676113441,0.1362748673362482
0.0251724740159883,0.0467599171135152
0.0215142934146032,0.0262572968414486
0.0485659974924597,0.0452390065072873
0.0210285886174506,0.0435616310429424
0.0357081843283806,0.0375878704840793
0.1326421644135373,0.0983254826748641
0.0156868139518201,0.0208516891946767
0.0241558300369603,0.0312322373208334
0.0827209287286413,0.0686081587915593
0.0155796353836332,0.0176202573644753
0.0484297393938776,0.0919493942543126
0.046180693694924,0.053827865380946
0.0116108259595593,0.0136601516473856
0.0115042143929348,0.0226510904662632
0.0225730204456212,0.0258997177898644
0.0213954797636908,0.0671520283437164
0.0111151297691586,0.0393583253034999
0.0163458003691236,0.0210825029228
0.0290228829757923,0.0386311749292174
0.0318874081473473,0.0458197230002909
0.0859209853214242,0.1290050539369435
0.0820583628177465,0.0710578325895032
0.0886747146188178,0.1048045269868394
0.0314813471037205,0.0465363085717482
0.0206570859953078,0.0243038418795001
0.0331185871578468,0.0396985650109831
0.0543116632282032,0.1219117774144929
0.0727831777768457,0.068699615830435
0.0249725899458036,0.0562951019624997
0.0069644282736155,0.0140199947588134
0.0183618282142347,0.0216952920517351
0.0264276175786083,0.0261446825728204
0.0468691683985212,0.0519684096714715
0.0235875279476242,0.0225857849876979
0.0079258319725118,0.0308262963463069
0.1476813216965079,0.1721671537602533
8.526057764041347e-05,0.0011414882188396
0.0211274617716644,0.0278621556185281
0.0542371493099346,0.0619009557567889
0.0187608680894269,0.0221797178081524
0.0488722211757814,0.0465353913026108
0.0067480713756411,0.0079981806102342
0.0051771061689021,0.0099703995374473
0.209387344257369,0.1718187175201747
0.0047061334282287,0.0110019457745982
0.1120926899482884,0.1199834205744829
0.0192914031661256,0.025275823514205
0.010427364023852,0.077620375074412
0.0085195992789476,0.1025139162030682
0.0145524482368909,0.0164786661052843
0.0156191226027118,0.0299590817318656
0.0348751339509916,0.0347301529559733
0.0493667115140801,0.0508491265973377
0.0154799999125419,0.017986077613996
0.0103230621426936,0.0120691589996665
0.0136182927383325,0.0296312622171228
0.0351723693259693,0.03727768451794
0.1269282717553523,0.2284084707118208
0.0616109154155646,0.062967665043869
0.0434625686787475,0.0905765255348394
0.0067392032616419,0.0071347492868859
0.0911608004994585,0.0772310928982014
0.0502265691359106,0.0548005240812787
0.045854976816768,0.0361349338447416
0.009551835154668,0.0143188932811012
0.0185582528087143,0.0239347061245426
0.0415796817405094,0.0670938623667158
0.0677972598654483,0.05506060622275
0.0174329375617039,0.0234422477136378
0.0198478236585861,0.0225078922779461
0.0246706866304322,0.0363308428288783
0.0380814473795211,0.0529049150722125
0.0252313079238,0.0314301020255602
0.0558984409018044,0.0780102567283324
0.0246785517843182,0.0581640392830362
0.0294715428035098,0.0382576392305975
0.0219892927036983,0.0281748963175875
0.0381313535521973,0.0503386559252652
0.0239310085487264,0.0364069629701867
0.0148007163211829,0.045777944755984
0.0252516047470777,0.0443210260182889
0.0584801424615853,0.0603191746476131
0.0301405828668757,0.0713848708895403
0.0140437750742403,0.0139628876842128
0.0319091498266218,0.0589578703982369
0.0230707542871177,0.0305489703905067
0.0573481391328583,0.0558799482062456
0.0126961530144714,0.0207494950514685
0.0166144098478635,0.0201033868106019
0.047035607317022,0.0573606053053962
0.0146201302335561,0.0382389945963867
0.0410765163507371,0.0601104430593214
0.0358440327113297,0.0381125966478691
0.0150033015573726,0.0239205364712603
0.0182641244853564,0.0186591074654713
0.0161120437189101,0.0248159316366623
0.0288709521048361,0.0385691657337889
0.0719456508881741,0.0865058244136476
0.0150070020750561,0.0221257093711944
0.0190830880276076,0.0424492762160586
0.0331272717890306,0.0384177977953397
0.1260517392438194,0.0846405349719241
0.0451919282579941,0.0482444159324055
0.0077157115982104,0.0201384639094345
0.0594608854216903,0.0306431624637603
0.0240418687846052,0.0494768310772751
0.0527210164780067,0.0791052147302978
0.0136344497097296,0.0207326236501573
0.0040512798239894,0.0419457007647757
0.0459062804661642,0.0531924098592231
0.0141452625862408,0.0222279865978404
0.047539429901722,0.0551825882995595
0.0221809995908998,0.0201525456984026
0.0186239519376097,0.0367323973420017
0.1183988101071548,0.142842056346734
0.0168366741534165,0.0223848211514464
0.0306755613699082,0.0548507262557342
0.0071079283907117,0.0266539790569223
0.0150738706466233,0.0283587979373166
0.0183546208235713,0.0186108092162567
0.0300606134877764,0.0416122290526936
0.030771409490059,0.0375296386359564
0.0087940369455941,0.0118805828545359
0.02769660259132,0.02770859494605
0.0743539443669025,0.0651229604156774
0.0205449585005283,0.0384610619444324
0.0039367456534776,0.0045159946246232
0.0281843318615893,0.0344168982783225
0.0152277646094234,0.0281552611053746
0.0464793645368049,0.0668492147238234
0.0136833507129503,0.0368337325712214
0.0391209066736018,0.0527048773163207
0.0072175585691454,0.0258763886407589
0.0386448741477101,0.0504016404935789
0.0142848253835809,0.0246668910668604
0.0489212841229017,0.0422499356725454
0.0467365913920753,0.0754871359109687
0.1481463507111454,0.1982514285530626
0.0693604250329493,0.079155451473608
0.0054786739402087,0.0191146441645523
0.0300287392501794,0.0393944994196297
0.0353722232548876,0.0459499501515002
0.0394111220624413,0.041371805605988
0.031854715898037,0.0538611482313023
0.0182066076288969,0.0646163676935952
0.0087014305491671,0.0191481416238933
0.0137042170416814,0.0315472704437981
0.0112747267611344,0.0163998600741454
0.0303600358970928,0.0250551692635457
0.0544590081826896,0.0446060906613717
0.0625903072910361,0.0564697160095237
0.0213137751113858,0.0197684448108295
0.1581486920980634,0.1300141699971435
0.0184586209384731,0.0230262782929684
0.0280023873775391,0.0354796684736594
0.0202704183257973,0.0258702420999473
0.0297432202771985,0.0412030821820879
0.0134875065802776,0.0208915545065833
0.0025838079277916,0.0194922469482711
0.0328193897718332,0.038406569908738
0.029342235786293,0.0448706486023698
0.049870354557463,0.0351833257152734
0.0295313460108351,0.0380655726741855
0.0108103446710305,0.012414475300666
0.0227047747524523,0.0248764544544951
0.0212635436431858,0.0223877122304256
0.0272261821866537,0.0292935606909277
0.006152858913694,0.0353836493536726
0.0137504909032552,0.0173780783577935
0.1136964548573333,0.1135428936547807
0.0195906713116903,0.0240926241949734
0.0197590062100897,0.0156768550914849
0.0191281589282275,0.0562560385798522
0.0345261223338593,0.0177202980136449
0.0110188857782452,0.0173490729098812
0.0177777356883534,0.0392284085492184
0.0233998234772852,0.0428187841321015
0.0296151555237806,0.0287884161061706
0.0283280814839788,0.0403865386888351
0.0368316344567066,0.0474999702259292
0.0485925913082084,0.0492069968755919
0.0774872967920631,0.0575759553271871
0.0129818531618145,0.0113818553627185
0.0261222074947593,0.0328731539484439
0.0670535848422862,0.0800443466318279
0.0113893759949269,0.0253639240480882
0.0408362766562376,0.0556464865362425
0.0506030727092202,0.0447164464923657
0.0077297829939966,0.0094854353864801
0.0207246635678816,0.0261418687804549
0.0400406341446899,0.0341436302494359
0.0612209079319211,0.0676982156202695
0.0185570170170735,0.0396368245327279
0.0177523526351856,0.0180459003225675
0.0382604762142176,0.0500620879560153
0.0163166841158761,0.0238861235402483
0.0362045232388097,0.0341089583233678
0.0208772690461604,0.0230015112279108
0.0054831098425747,0.0306405478179739
0.0203161165183652,0.0321675549431429
0.0137674463191164,0.0159638050836744
0.0225225935821577,0.0367019012410254
0.025219522751178,0.0354730415439205
0.0015944129780423,0.0077862998765678
0.127874729383136,0.1028125251806437
0.0780475884924824,0.0716415112210671
