,best_dl1,best_dl1_a,best_dl1_d
0,0.011660057306289662,-0.008654603362083457,0.04562678164802492
1,0.07042897639985313,0.025287501513957977,0.0246127936989069
2,0.015736596286296867,0.011810975770155607,0.0072400569915771484
3,0.014525608718395255,0.007338634133338906,0.008278918266296398
4,0.03348903771903777,0.026980335265398003,0.00854875296354296
5,0.010282042622566212,0.0197779878973961,0.03274950440973046
6,0.01235997180143994,-0.012935421988368029,0.046513303369283665
7,0.015136151015758492,-0.002335730940103531,0.017513687908649433
8,0.13121228069067004,-0.03075499162077905,0.08254826068878174
9,0.0277836386114359,0.00887141190469265,-0.011300459504127502
10,0.00831034705042838,0.03447029646486044,0.01949418056756258
11,0.10297427624464034,0.04272751552052795,0.0417385038686916
12,0.056435098592191923,-0.015491446852683999,0.04937931746244428
13,-0.02865658551454542,0.00384477376937864,-0.0040116727352142445
14,0.048949155653826903,0.03367858752608299,0.059381279349327076
15,0.007572530210018136,0.009765221178531625,0.01829534024000168
16,0.02987869009375571,0.015464605391025565,0.001991833746433247
17,0.037679829448461544,0.03388457298278809,0.0635376799851656
18,0.012010495364665974,-0.006156405806541421,-0.006469540297985077
19,-0.018435706198215496,0.001674214005470298,0.004712757468223583
20,0.029108504578471195,0.022398839890956868,0.01181887388229369
21,0.044885562360286735,0.01054482824272579,0.005232177674770355
22,-0.002525952458381664,0.016496982797980286,0.053466934296819923
23,0.04916412234306333,0.04330581840541625,-0.007934290170669545
24,-0.016994142532348655,0.001536172628402721,0.012391990423202492
25,0.05153389945626258,-0.0013908848166465648,0.016995606943964958
26,0.01869557932950555,-0.0011092886328697427,-0.005109621584415414
27,0.042184616128603636,-0.043163180351257324,0.013356835477881968
28,0.058992382884025585,0.0041765496134757996,0.0016465142369270214
29,0.1228484384249896,0.03762127459049225,0.026296477392315887
30,0.02871120423078538,-0.036488610319793224,-0.015277254581451405
31,0.03665176928043368,0.007729688286781333,-0.010329132278760256
32,0.05535748414695263,-0.005404491722583782,0.018058052659034707
33,-0.007500112056732178,-0.002083740767557185,0.03574652560055258
34,0.0004890009760856739,-0.04152341261506082,-0.0005773350596428029
35,0.024128068770681133,0.007180854678153992,-0.008664967119693778
36,0.014543452196651041,0.011054950952529896,0.004777595400810242
37,0.050612145206994474,-0.0005732857518725987,0.01174687180254197
38,0.016458044201135613,0.01962716579437257,0.008690258221966896
39,0.04356079436838628,-0.0018248607714970722,0.002325158566236496
40,-0.06257332740351557,-0.004542662575840961,-0.0215192321687937
41,0.032713864743709575,0.03421359211206437,0.0172168156132102
42,0.0764380337463485,0.006966945528984081,0.01568713486194606
43,-0.007699948549270641,0.0033573597669601662,0.006163564324378978
44,0.011267610639333736,0.042115385364741076,-0.00632588714361193
45,0.05315771885216236,0.025312495159192205,0.02594926431775091
46,0.018785361573100068,0.006918203830719005,0.038934238348156236
47,0.002947439253330242,0.03970935195684433,0.050149057474401265
48,0.015509261190891244,-0.003332345022095562,0.005939544923603546
49,0.009631235897541057,-0.011811457574367523,-0.02996670752763747
50,0.05336388498544692,0.03699474041350187,0.04126778340432791
51,0.007062798738479592,0.0002234235405921825,0.009397464990615834
52,0.02164522111415862,-0.0029527172446250916,0.01585722342133522
53,0.003508087992668163,0.015791399611367107,0.05830807276070116
54,0.0156209856271744,0.02384247202426193,0.0035278290510177834
55,0.026376884989440463,-0.003054749013649105,0.022140519693493843
56,-0.013498276472091675,-0.0024958968162536177,-0.0058061793446541055
57,0.017758363485336326,0.013983855396509148,0.017849835753440846
58,0.014708853513002385,0.0012414544820785745,-0.007175953686237357
59,0.07889218628406525,0.06505799144506452,0.0009196318686008342
60,0.02109133154153825,0.022457693610340362,0.03045745622366669
61,0.04954571612179279,0.01284923404455185,0.010295787453651423
62,-0.013204736821353424,-0.0647830180823803,0.006210431829094865
63,-0.041877610608935356,-0.041628765314817406,0.00195985585451125
64,0.010418821871280681,0.001415489614009835,0.009168921411037423
65,0.12428230568766596,-0.03731127455830574,0.029126324132084852
66,0.03455490730702876,0.03224402740597726,0.00043720602989194557
67,0.014399399182626171,-0.02161594172939657,-0.017044052900746454
68,0.061118191480636574,-0.004974897205829609,0.021055976301431634
69,0.04144392907619476,-0.003919881582260143,0.014097359962761402
70,0.07566348128020761,0.013981445878744114,-0.008740854263305675
71,0.01746685802936554,-0.009640909731388092,0.04102744055645807
72,0.029522347450256337,0.038946299999952305,0.004894109070301078
73,0.005015462636947632,0.01489959508180616,0.0022519946098327748
74,0.005530303716659524,0.0346461910754442,0.014149196445941925
75,0.05073528215289114,-0.004573819041252147,-0.003485920373350382
76,0.07012876570224763,0.03520800694823267,0.05226799133233728
77,0.06564478427171705,0.07353142052888872,0.009283708035945915
78,0.03232189416885378,-0.005864091217517853,0.0046440064907073975
79,-0.044855039980676414,-0.006601700931787469,-0.04680941570550204
80,0.4681377708911896,0.02517026662826538,0.019430411979556084
81,-0.0015014126896858437,0.003098912537097931,0.0033782824873924144
82,0.07120308883022516,-0.007371698506176472,-0.0005952713804112664
83,0.019517269730567943,0.001195959746837616,-0.006273031234741211
84,0.030716850981116317,0.006224663928151131,0.022614364326000225
85,0.020842036232352257,0.02809872031211852,0.0010229580104351155
86,0.01662977337837218,0.0011264195665717236,-0.002720592916011788
87,-0.009872536361217488,0.01858855998143555,-0.015593411028385185
88,0.003756229579448711,0.01632731258869169,0.059007538855075814
89,0.015792667865753174,-0.000289644300937697,-0.016072513163089774
90,-0.012426544725894939,0.015028841048479069,-0.0037407472729683033
91,0.07418262213468552,0.014113171233071209,0.025078580400440864
92,0.013638509809970834,0.01910565048456192,-0.008051785826683033
93,0.006778588891029336,0.01995173767209052,0.02585657387971879
94,0.031333062797784805,0.016818743944168102,-0.0020882442593574413
95,0.004431067407131173,-0.00042905410130816835,0.001085256040096294
96,0.04732074961066246,0.0030929550528526195,0.004794052243232705
97,0.013831010460853554,0.002682341635227181,-0.003755269944667794
98,0.020422381348907948,-0.03571641519665719,0.006493725813925266
99,0.025946971401572205,0.0033839354291558266,0.016285254806280125
100,-0.007102323696017265,0.002209526300430309,0.008476938307285298
101,0.06601381981745363,-0.039196507632732414,-0.010294145180119396
102,-0.002170291543006908,-0.002140571177005779,-0.0001639142632484658
103,0.021486403420567513,0.024249472096562363,-0.009533656015992154
104,-0.016346418857574485,-0.0003164231777191273,-0.00839281380176543
105,-0.003669646009802796,0.032900689542293526,0.07693046694621442
106,0.06828622370958326,-0.013709294609725475,-0.008902014957533955
107,-0.01018015146255491,0.0048032686114311,0.00025585442781450585
108,0.10782995112240312,0.022261367489894213,-0.002067206799983956
109,0.030675412714481376,0.06288121417164805,0.023960299789905548
110,0.045408058166503895,0.06470796912908555,-0.0018781822174787632
111,0.01756885051727297,0.0054807618260383495,-0.009029322769492865
112,-0.005614833533763908,0.008596463501453377,0.016102946549653996
113,0.04684521423445809,0.029399374127388023,0.025321508944034565
114,0.015379584497875631,-0.0006349682807922363,0.005145308375358593
115,0.072542767226696,0.03899370171129701,0.018844338506460168
116,0.004334898665547371,-0.03971991017460824,-0.01681179702281954
117,-0.005656099319457986,-0.010487999022006977,0.03749002208933233
118,0.05375138483941555,0.024988969415426276,0.025340716540813435
119,0.014294390380382549,0.04017296135425569,-0.015540364384651228
120,0.08834515549242494,-0.02893933355808259,-0.01789555624127387
121,0.001941443979740165,0.01676846295595169,0.01979820430278778
122,0.0,0.021185390651226044,0.010976089164614677
123,-0.00927836596965792,0.0022995196282863395,0.011330743879079841
124,0.11450403109192847,0.0032001535097757883,0.016741202937232136
125,-0.04409203529357908,0.019650848954916006,0.03545204382389783
126,0.09242059888783843,0.07437336165457964,0.035699991136789344
127,0.00441548228263855,-0.0069172412157058605,0.0031912826001644357
128,0.0363256774842739,0.012250193953514121,0.0016202598810196034
129,0.006207466125488281,-0.0017799645662307517,0.001482520997524217
130,0.015493491291999839,0.005103108286857616,-0.003808845579624187
131,0.06910797413438557,-0.05697121373377739,0.03572220150381328
132,0.07036725680033368,0.0055757954716682545,0.007687804102897655
133,0.01860106587409971,0.008987117931246735,-0.019452031329274172
134,-0.0032256677746772544,0.004387502372264873,0.014239416643977154
135,0.04297637831768952,-0.007457080483436573,0.03047051914036275
136,-0.14900277256965638,0.03460898920893668,0.01313014030456544
137,0.04867079729835194,-0.012157526984810818,0.04517908925190567
138,0.019526172429323196,0.0244279347360134,0.00888754576444628
139,-0.010844403877854347,0.0007989242672920005,-0.01630400717258451
140,0.02424268921216327,0.004520985484123219,-0.007275599241256703
141,0.017760898172855366,0.004387152194976818,-0.0137546047568321
142,0.09511135539246929,0.017759121209383,0.08430116892688805
143,0.0008051391341723502,0.06765558910410618,-0.0041724383126064725
144,-0.00885644027342399,-0.003228098154067993,0.007408706678284527
145,0.0023266717791557423,0.0007801188362969169,0.0032905489206314087
146,0.011746373772621166,0.00219128280878067,-0.012521807849407207
147,0.026811592280864716,0.01443534642457961,-0.020980314910411857
148,0.04736432470381258,-0.02651536650955677,-0.010777465254068364
149,0.056816376745700836,0.03944855524847907,-0.0006667450070381165
150,0.005599030190043985,0.01247619353234769,0.020624586194753658
151,-0.007218933105468728,-0.012125806510448478,0.005289955437183358
152,0.04941328372806311,0.0038037062622606754,-0.0032444994896650425
153,0.001636187732219685,0.00977921038866042,0.025519137084484056
154,0.026708710193634022,0.010896198451519012,-0.0019751980900764576
155,-0.0006419241428375355,-0.006042827665805828,0.029523078352212906
156,0.051972141861915566,0.0015814512968063132,-0.002218431234359719
157,0.04062819192185996,0.0015511095523834117,0.002647344768047344
158,0.025623086425993202,0.00427960604429245,-0.0022061171010136493
159,-0.012981950491666783,0.0002694925758987554,0.006565009376832409
160,0.020589791238307953,-0.0027949929237365834,0.003047867119312264
161,0.4954116642475128,0.0069292575120926125,0.001286485791206382
162,0.0480748545611277,0.021285536885261525,0.06028846018016337
163,-0.03234842233359814,0.01018454711884259,0.014772052317857748
164,0.028945348411798466,0.05405407207945245,-0.05715176388621329
165,0.013956429064273856,0.011651195585727692,0.005939064919948556
166,0.02325802147388456,0.003185886357511769,0.02095436230301856
167,0.27362170070409775,0.044033829122781754,0.023920236527919747
168,0.0035428206125895367,0.04962788783013822,0.07232438884675502
169,0.006668306887149811,-0.016664312779903434,0.03789189849048852
170,0.025977744138799608,-0.01327916814221275,0.0011815354228019714
171,0.0005027040839195029,0.0018136277794837952,-0.001425269991159439
172,0.05063827335834503,0.0015770122408866882,-0.00486336797475817
173,0.010430607362650335,-0.013482506910804659,-0.03797059676920375
174,0.01707056164741516,0.034758058190345775,0.009541299194097519
175,0.003006030619144451,-0.014524766057729732,0.006100656198603782
176,0.0743709556758404,-0.024166973307728767,-0.039465098921209585
177,0.021109867095947255,0.013181760907173157,0.006483413279056549
178,0.02758837938308717,-0.004286177456378937,-0.012252550986078026
179,-0.008508563227951516,0.007427724078297615,0.0260660070925951
180,0.04347744062542913,-0.009526781737804413,-0.0002240404486656411
181,0.01903371065855025,0.013986550271511078,-0.001539407670497872
182,0.025411592423915885,0.007961191236972809,0.006337682902812947
183,0.022615621984004963,0.026348973065614678,0.006452718542681812
184,0.029525238648057006,0.0016905583441257366,-0.005630882084369682
185,0.0029008272103965282,0.004852810608489175,0.0027173228561878093
186,0.02471030466258528,0.01025004908442495,0.09817081820219756
187,0.0760801336262375,0.018821237981319433,-0.003978233039379109
188,0.13156898543238638,0.015915875881910346,0.010065804421901692
189,0.051068224012851715,0.015165416151285194,0.012723289430141449
190,0.06554373782128098,0.0382236883044243,-0.011248828470706962
191,0.03314243983477355,0.07667906060814855,0.06313029974699019
192,-0.002321621775627114,0.001953928172588326,0.019257212057709694
193,0.005938722027672649,-0.008877642452716827,-0.00508059561252594
194,0.026096357405185677,0.0028000548481941223,-0.007859808206558239
195,0.05030507259070871,0.08189726248383522,0.06673341970890762
196,-0.025547820660803078,0.00024431943893432617,0.003117167949676536
197,0.012665528804063797,-0.012089709937572468,0.0013975188136100547
198,0.011950832274224998,0.025430244207382213,0.016723325848579385
199,0.008012311160564445,0.008640378713607788,-0.009443114201227787
200,0.030131290853023518,0.004129447042942047,0.009052772819995891
201,0.013942222297191609,0.0037263482809066772,0.0069433465600013955
202,-0.03749767250847072,0.003602888435125351,0.003652082383632682
203,-0.013671883940696739,0.028144783526659,0.0372769057750702
204,0.04354479461908339,0.014433693140745163,-0.0022417515516280906
205,0.1572079354635207,0.021006345748901367,0.0014713837040795097
206,0.4556278735399246,0.42807891964912415,0.02080347537994387
207,0.06421061754226687,0.032305438071489334,0.01853500455617907
208,0.028169620037078846,-0.007846222817897819,-0.0036338254809379356
209,0.01974264979362489,-0.00206742584705355,0.030979355176289858
210,-0.013708081841468822,0.021359233558177926,0.014854057878255833
211,0.03741480559110644,0.009345456957817078,0.0013478040695190652
212,-0.010894787311553966,0.01597195044159888,0.02014753073453901
213,0.057384984591044484,-0.008461927564349027,0.00805703652763945
214,0.018398205935955037,-0.022127352189272642,-0.007012781169679405
215,-0.0019624203443527333,-0.005233122408390023,-0.002693495154380776
216,0.004857058823108662,0.017874409755070986,0.004092756244871376
217,0.013512971178806787,-2.3636608966620676e-05,0.00810832199640571
218,0.05872150808572768,0.019458963163197063,0.03861999660730364
219,-0.005041352576679647,0.0038300272491242904,0.028289441019296646
220,0.009304630756378163,0.001508881151676189,0.012389514595270157
221,0.013973943889141083,0.00022901743650438622,-0.0022778332233429066
222,0.00966115891933439,-0.0006988659501075967,-0.024034973647859337
223,0.04461420741346145,0.011870236694812797,0.021920967288315274
224,-0.00708107091486454,-0.029676778614521004,-0.0063769876956939475
225,0.04412485538050531,-0.011135104298591603,-0.01667264848947525
226,0.00031392250093631446,0.00293530374765396,-0.0033897348679602143
227,0.002093486487865448,0.023423096165060997,0.011694853007793438
228,0.06677952855825425,-0.11265978068113325,0.0036553502082824485
229,0.0149539574980736,0.007422831654548656,0.005082968208524913
230,-0.016675713658332814,-0.012528882920742057,0.005924634635448456
231,0.027641068730089424,-0.015146203339099884,0.005105389654636361
232,0.009452019631862651,0.0001167386770248302,0.0061925023794174305
233,0.008188907802104961,-0.015713809803128254,0.021025757119059574
234,0.0518770222034719,0.02095523923635484,0.05436715763062239
235,0.05437228847295045,0.0052460357546806335,0.06863941811025143
236,-0.006595973670482647,0.005278828740119923,0.01697267695433563
237,0.06408525407314303,0.025578248500823964,0.0004481583833694236
238,0.04867750571833718,-0.00793416127562524,0.01843627169728279
239,-0.011291880905628215,0.007270912826061238,0.018371939659118652
240,0.0646776767447591,0.014437731727957703,0.025415076315402962
241,0.013183240592479717,-0.012254457920789719,-0.024312299986680358
242,0.006309445202350605,0.062416036054491975,0.005902749300003007
243,-0.007567477226257335,0.017316043376922607,-0.0019186198711395042
244,-0.0317938908934593,-0.019099809229373932,0.014581117779016495
245,0.00203847719563377,0.009639838337898277,-0.00020812451839447021
246,0.10542033836245535,-0.030116699222061394,0.004211954772472382
247,0.0685457380488515,0.019326739013195038,-0.004059399571269773
248,0.010969183511204184,0.035208046436309814,0.0009423196315765381
249,0.010404998809099175,0.021084286272525787,0.024058603495359432
125,0.05251925140619279,0.04895334104076027,0.03946719616651534
126,0.014814749360084534,-0.0034318387508392445,0.02372234910726545
127,0.021022832393646218,-0.021829542145133024,0.014594158530235268
128,0.0366535484790802,0.007938884198665619,-0.015427592396736134
129,-0.03224475383758546,0.010761550813913334,0.03205539770424365
130,0.004219018202275049,0.01443026640585493,-0.011221085488796245
131,-0.0015080913901328596,0.04120560288429259,0.025345496833324432
132,0.005670656849231036,0.0029641479253768917,-0.000817825219460902
133,-0.001570850796997536,-0.017727412283420563,0.0037471786141395347
134,0.07325754668563604,0.0,-0.005398901800314586
135,-0.00950438529253006,0.009436073899269093,0.006291674716132012
136,0.19234250610073408,0.09431433263752198,0.038196454662829615
137,0.03519647419452665,0.02275958247482779,0.003613750636577595
138,-0.00016803480684757233,0.030670971050858475,0.0109000438824296
139,-0.06314006075263023,-0.04163142659235747,-0.013614777661859978
140,0.04805400571785867,0.011792485498719751,0.035376061499118816
141,0.046308887004852306,0.024145551025867462,0.0426321465522051
142,0.01607220321893693,0.004469327628612518,-0.0002055731084611434
143,0.001088315426992864,0.02897018603980539,0.03472163528203964
144,0.009262198582291603,0.06256240233778954,0.008046500198543083
145,0.04175502732396125,-0.010671770572662331,0.010920170135796048
146,0.0076499193906783836,-0.012576273083686806,0.02657456323504448
147,0.0032029449939727783,-0.0040790021419525035,0.007379887998104073
148,0.02625323235988619,0.03199682813137772,0.08792485129088162
149,0.053148726746439945,0.014310324192047141,0.005903378129005432
150,0.007126040011644352,0.00320376455783844,0.007784923911094643
151,0.024612112343311288,0.004383447021245934,0.025896904369195284
152,0.0036289743438828737,0.0382497215323383,0.02210757343305482
153,-0.0035616131499409676,0.005217313207685953,0.0008842781186103876
154,-0.0027997002005576976,0.0052539631724357605,-0.004240649938583363
155,0.011554716527461983,0.021232233196496975,0.008091476559638988
156,0.040723604150116444,0.0170414738357067,-0.008515384793281566
157,-0.06576630224784213,-0.007252022624015808,-0.07318834997713566
158,0.022352226078510284,0.01090402859780526,0.04585811705328524
159,0.024994996190071117,0.03311088960617781,0.009815993532538425
160,-0.011496253311634064,-0.01524670422077179,-0.0035953248540560034
161,-0.0007241934537887684,0.007180436700582493,-0.016700998321175553
162,0.0632298247888684,0.018002790957689307,0.03307662304723635
163,0.15350604206323626,-0.05134262889623642,0.025645411014556863
164,0.011712156236171722,0.0049681156873703225,0.024387338757514976
165,0.01576902570668609,-0.0020947690520967677,0.014597937697544694
166,-0.034743067692033947,-0.023319965228438377,0.012938290523986012
167,0.0061253488063812145,-0.0019128724932670482,-0.01728345565497874
168,-0.003618721663951885,0.0017506882548332103,0.02075300067663194
169,0.004597753286361694,0.007235142588615406,0.01552773076109587
170,0.02068833410739901,0.010366359353065513,0.01407291889190676
171,0.05607015863060949,0.06039848700165751,0.012010446190834023
172,0.03110057916492226,0.0021670132875442616,-0.004583725333213828
173,-0.015109813958406437,-0.01604265980422498,-0.04047148972749709
174,0.1332355664111674,0.07756525948643683,0.06592259630560876
175,0.06697758361697198,-0.036861000955104806,-0.027405859623104323
176,-0.0008896142244338989,-0.004899768158793449,0.012724460754543532
177,-0.02101720720529554,-0.056623462587594986,0.02823488935828211
178,-0.0009379535913467407,0.05985900200903416,0.015543667972087838
179,0.03905321823226082,0.05400130823254584,0.035661285370588325
180,0.02439011000096797,0.017023565247654915,-0.009375351108610652
181,0.04747714102268219,0.031806586682796456,0.023822222650051128
182,0.0396100703626871,-0.02162229102104901,0.0382528081536293
183,0.03309907019138336,0.0303951255977154,0.027947745751589537
184,0.011150820387734295,0.024256782978773095,0.01147756874561312
185,0.46439187228679657,0.006609639525413491,-0.02288091629743577
186,0.07004507470669019,0.08892751187086106,0.019658759352751076
187,-0.003637455403804779,-0.0026653359333673743,-0.002613064315583946
188,0.00985649526119231,0.010266427695751201,-0.01846859380602839
189,0.05754557500282925,0.0009492874145508035,-0.030374974012374878
190,0.02242397964000703,0.018680570274591468,0.01322634667158129
191,0.006959996744990371,-0.04393993169069288,0.011766161676496245
192,0.09896248594159263,0.034082597494125344,-0.0013935714960098267
193,0.051661083847284295,0.026571065187454224,-0.001020026206970226
194,0.007115806569345295,-0.02349227070808413,0.03212891270716989
195,-0.00830937474966048,-0.0011248201131820457,-0.012849144637584686
196,0.06140477769076824,-0.01114089265465737,-0.005431925505399698
197,0.02188294455409051,0.029699368868023157,-0.0005113393068313654
198,0.009847921133041393,0.0038821324706077576,0.01907859370112419
199,0.018502305448055256,0.035826535150408734,0.04065255746245383
200,0.03212561160326005,-0.004925646632909786,0.023926909267902363
201,0.03112587034702302,0.05574236437678337,0.003268086910247825
202,0.04096191972494123,-0.016558063123375155,-0.016225107363425195
203,0.029484130442142487,0.0002867467701435089,-0.023334463872015487
204,0.12273837234824897,0.028868870250880696,0.026237541188796343
205,0.09973651815525952,0.024875827961497843,0.030626346357166767
206,0.0036225870251655468,0.01921306848526,0.007781853753840551
207,0.05472098491154609,0.016250630468130134,0.03086470365524291
208,0.17594399841327685,-0.01584794372320175,-0.014416364642481
209,0.005188211798667908,0.017515018582344055,-0.038628239184617996
210,-0.0035493657924234867,-0.010731162503361702,-0.010838242061436177
211,0.051094505563378356,0.010996864363551129,0.005208961851894844
212,0.0001603245735168346,-0.0028055369853973167,0.004528677463531472
213,0.08051361092948356,0.07700567860156299,0.030795228853821743
214,0.017545029520988464,-0.01050930768251418,0.030910205841064464
215,0.0018944486975669972,-0.014203985035419475,-0.0037747815251350514
216,0.010755193233490001,0.01348830685019492,-0.004194970428943623
217,0.029783192649483703,0.04471277422271669,0.016927567869424842
218,0.05521258749067781,0.014392919838428497,0.01651352718472482
219,0.03244912941008807,0.0073794698608773135,-0.013107937760651112
220,0.05159827735688949,0.019918162375688553,-0.016767725348472595
221,-0.0006285563111305126,0.009584569931030296,0.022239863127470005
222,0.07950141681358219,-0.018734245840460073,0.0019364859908819199
223,0.011705489456653617,-0.0026928201317787392,0.0036402881145477517
224,0.06194249168038368,0.010394498705863953,-0.03532448876649141
225,0.02171996235847473,0.006350974552333355,-0.0032193049788474815
226,0.0,0.0,0.0
227,0.013516533747315429,-0.0018821360543370136,-0.016130641661584372
228,0.00617620017793441,0.015690333023667347,-0.013331898674368847
229,0.024882785230875004,0.0152878537774086,0.019859929382801067
230,0.024150930531322945,-0.022588612884283044,0.037439055647701
231,-0.002548100054264091,-0.006901812553405773,0.005748699605464924
232,0.0317009047139436,0.07852297797799113,0.0241804551333189
233,0.047690877318382285,0.04389776922762395,-0.003717229598098337
234,0.01722632646560668,0.01227850466966629,-0.0045930087566375954
235,0.03313559304094976,0.05319569756587347,0.038853312283754354
236,0.0944814646616578,0.03366769012063742,0.009785277396440528
237,0.0892571322619915,0.06747977770864966,0.06482304669916628
238,0.04723832756280899,0.02515196558088062,0.018790404312312603
239,-0.003975039720535256,-0.0046406544744968525,0.009885608218610287
240,-0.0055250003933906555,0.0009653896093368419,-0.003892272710800171
241,0.032852572202682506,-0.05956525438361698,0.007168613374233246
242,0.02170502468943597,0.023319661617279053,-0.004705142229795456
243,0.030026374757289864,0.022772347927093484,-0.008700719475746133
244,0.03229033276438714,0.009251641668379329,0.011600507050752662
245,0.02101293702920276,-0.0027640645081798143,-0.014819223433732986
246,0.00990230739116671,0.009253990650177013,-0.0026548758149146923
247,-0.023542386293411266,0.0053320586681365745,0.015744104981422424
248,0.020649394392967202,0.014587563276290905,0.008609263433350445
249,0.03572145774960517,0.021247618645429622,0.01893998309969902
250,0.03844572089146825,0.021314744771059074,0.0001777804456651183
251,0.040752855222672246,-0.02628507055342197,-0.0111733135767281
252,0.053481632843613625,-0.006424622237682365,0.043143608421087276
253,-0.010584304714575415,-0.004797913134098053,0.06435168087482451
254,-0.015402807295322396,0.022927089035510995,-0.030618408322334312
255,0.097445634752512,0.013429073989391305,0.00973263233900068
256,0.007571856677532185,0.006803430616855621,-0.007106688618659984
257,0.02902071177959442,-0.0017244935035705677,-0.012056244909763314
258,0.0538801670074463,0.015661876648664474,0.017993696965277195
259,0.004657098650932334,0.0041968077421188354,-0.0016984015703201405
260,0.10494779944419863,0.028028843303521483,-0.01121028264363605
261,0.0006745934486389049,0.0006192311644553916,-0.013249796628952037
262,0.05382159203290937,0.016229766607284535,0.02559462785720823
263,0.004807755351066589,0.007917848229408275,0.02203408256173134
264,-0.008489295840263367,0.08007673919200897,-0.0028397087007761
265,0.025201688613742612,0.010046453028917324,0.0057611852884292825
266,0.04260455900803206,0.0007887970656156318,0.00014344730880111456
267,0.007987732626497768,-0.001802606415003516,0.015547225251793861
268,0.04956056858645752,0.026942402496933915,0.0229692220687866
269,0.04997296184301375,0.005984024703502677,-0.0047539108329349156
270,0.01787628382444384,-0.004776812717318557,0.03891796469688413
271,0.11138715699780732,0.01945943310856818,0.020051104575395606
272,-0.005571330711245548,0.014850230621440058,0.025865865250428527
273,0.026395146646245843,-0.010674349549743889,-0.0049039974997867886
274,0.07778856307268145,-0.0042297572363168,0.002373341160515935
275,-0.014072576165199302,-0.0461625587195158,-0.002293034642934788
276,0.02584847311178845,0.08873170800507069,0.0038375720381736977
277,-0.011556017523010581,0.09234984274953606,0.03768081124871969
278,0.05084910206496715,0.003833151112000166,0.006843980401754379
279,-0.015093703567981731,0.008032253384590127,0.034314872696995735
280,0.029574533551931403,0.01570449024438858,0.020061777159571637
281,-0.0013916403055190818,0.009089031815528892,-0.006367023289203633
282,0.03298446238040925,0.005976323783397686,-0.033599631488323234
283,0.01878705620765686,0.0015277460217475447,0.010873180627822887
284,0.08439899664372208,0.0609420105814934,0.08796489699743687
285,0.009273219108581532,0.02874985001981256,-0.010178315639495839
286,-0.023938508331775687,-0.0015845611691475137,-0.0011315271258354187
287,0.05695184152573346,0.016681627929210685,0.012086758762598016
288,0.0224681565363426,0.0002377741038799286,0.020229218155145667
289,0.09264573731925341,-0.010472127795219444,0.04415617287158968
290,0.0171264886856079,-0.013070851564407349,-0.003380625508725643
291,0.06425108090043069,0.02861756253987552,0.062193042784929264
292,-0.03101350925862789,0.0069432720541953985,-0.015036899596452713
293,0.02812766730785371,-0.012767508625984192,-0.007144293189048745
294,0.03794724792242049,0.01770182084292171,0.02074262946844102
295,0.07879583928734063,-0.04198907986283301,0.03257308676838877
296,0.039974490801493345,0.023628239830334963,0.009971514344215393
297,-0.004522328078746751,0.03881625626236196,-0.004145403206348375
298,0.035500605404376995,0.016656369157135476,0.0057111740112304465
299,0.013671380281448375,-0.0030995408693949567,0.032432201835844277
300,0.03064751625061035,-0.004077847947233482,-0.021139591518375633
301,0.03758545592427254,0.007564215362071969,0.020058412104845047
302,0.06007844871944851,0.014313797652721394,-0.0013177081942558067
303,-0.13920776452869177,0.00280866987304762,-0.010884086787700642
304,1.8580092324138597e-05,0.004276184365153313,-0.016159500181674946
305,0.06817325912415984,0.032187995314598095,0.029620840214192867
306,0.01016706330701711,0.01878991015255449,0.0022830297704786173
307,0.11541810929775237,-0.006079070037230849,-0.024446092545986176
308,-0.01263364776968956,0.001173458993434906,-0.0003472183431897924
309,0.0514401078224182,0.002905641496181499,0.014019534923136234
310,0.05632568188011644,0.0429768428206444,-0.015251143276691415
311,0.01780058667063711,-0.022684233263134956,-0.004928403347730634
312,0.019581376016139962,-0.001237589120864857,-0.0008216381072997936
313,-0.012520135939121269,0.014321410655975364,-0.001813773810863506
314,-0.0006473936140537206,0.0007760643959045521,-0.0007675759494304435
315,0.08432777722676593,0.0069652318954467884,-0.006876410543918632
316,0.041119378805160534,0.025241053104400613,0.09374421592801807
317,0.03529216332826762,-0.04691776819527149,-0.01452597975730896
318,0.02615964859724046,0.003101798892021168,0.030764397978782665
319,-0.07010769210755824,0.01596770222697938,-0.009187442974911808
320,0.005286408215761207,0.03539815396070478,0.03016772456467154
321,0.051142366044223314,-0.03042755350470544,-0.007354063913226128
322,0.04664442464709284,-0.008627697825431824,0.031606597091740685
323,0.0009961341108594701,-0.001470191404223442,-0.01789674535393715
324,0.012027216702699683,0.0012161768972873688,-0.00013841236276285196
325,0.013781283050775528,0.004139973223209359,0.006114042467541214
326,0.0003055468201637046,-0.015037917345762264,0.01602616492244932
327,0.0072336599230766185,-0.009918360412120797,-0.0035841118544340245
328,0.03488494753837584,0.01790795326232908,0.0032713457942009083
329,0.05308282226324079,0.04430232848972082,-0.0451543786459499
330,0.031847530603408836,0.027416859567165386,0.025024058669805505
331,0.1609459914267063,0.03308333754539494,-0.01794968048731488
332,0.013684499263763417,0.022048988938331626,-0.01215183436870576
333,0.04091939553618429,0.002305860444903385,-0.003137804195284838
334,0.07127090319991114,0.05244557261466981,-0.03309607189148667
335,0.012658603489398956,0.017889593541622173,0.013257233798503854
336,0.0009655820205807797,0.024628308415412914,-0.017353124101646245
337,0.012490359134972095,0.029618127271533012,0.0018902644515037537
338,0.0031518489122390747,-0.018849433958530448,0.002529742196202278
339,0.04230353906750678,0.036775060975924145,0.293719083070755
340,-0.020866647455841304,0.0010187888983637094,0.008139569661580026
341,0.004720150062348716,-0.0036373640992678757,0.00037514418363571167
342,0.12419611057266594,0.024632164090871822,-0.010815890133380912
343,0.07427892163395883,0.0325098555535078,-0.017835738551285507
344,0.026585893332958244,-0.004468083381652832,0.0013419323497348423
345,-0.004863231629133213,0.04577597677707673,-0.008481049537658714
346,0.008223613351583503,-0.018255491554737102,-0.03274968615733087
347,-0.006339734792709328,0.007020761072635662,0.01079602213576436
348,0.05390720234976876,0.005282151699066151,0.029490674659609806
349,0.015292152762413025,-0.0077622756361961365,-0.0030903350561857224
350,0.023798158392310143,0.024057702720165275,-0.0002715430325931911
351,0.00834057927131654,-0.0002193097025156021,-0.030848444253206264
352,0.015078099237547993,0.030905322570885935,0.03568035131320357
353,-0.00025353580713272095,0.018479758594185103,-0.0005396240287356968
354,-0.00023447970549267394,-0.043674565851688385,0.02277594730257987
355,0.044078716076910496,0.024578943848609924,-0.032815586775541306
356,0.06856286004185674,0.002443961054086674,0.006929226033389579
357,0.009085810184478738,0.0064306825399398915,0.010899116595586122
358,0.02181913107633593,-0.02974041737616062,-0.0241654895246029
359,0.006987802684307098,0.00752953439950943,-0.0015253759920597076
360,0.012844814732670795,-0.016874515265226375,-0.019859561489688038
361,0.1331380353205734,-0.01005656934446758,0.05705900168977679
362,0.009519663121965172,0.004555881023406982,0.0038523301482200623
363,0.0337842207401991,0.04935776765923949,0.05712444335222244
364,-0.072148945596483,-0.018834896758198716,0.01005536038428545
365,0.02349511324428022,0.00733942952420974,0.01587448020776111
366,0.023181448876857746,-0.00649239420890807,-0.00027503520250321545
367,0.005159088306956827,-0.0035417303442955017,0.00955903287976978
368,0.009511224925518036,-0.028951187431812297,0.027087853848934196
369,0.041913838795153424,0.03540283069014549,0.015012578666210197
370,0.09400411993265151,-0.002642296999692914,0.037769453393088445
371,0.0,-0.0006898517409960614,-0.05949411561919582
372,0.05563866421580316,0.021709503978490835,0.01601766236126423
373,0.027196674048900582,0.03670315891504289,-0.01240728348493575
374,0.01142497584223745,-0.013172735060964336,-0.01733051453317913
375,0.04493160396814344,0.028754812798329754,0.041358507797121996
376,0.021577222645282723,0.03018181920051577,0.01648167669773104
377,-0.01753094792366028,-0.0029934957623481973,-0.028981494903564442
378,0.15619720827089623,0.014472497006257357,0.01331774890422821
379,0.034215618669986736,0.01798861101269722,0.006451457738876343
380,0.08140250601572918,-0.049698033183813106,0.015206503868103016
381,0.025988637283444416,0.02072102907113732,-0.013956155069172388
382,-0.013066963851451896,-0.020762738585472118,0.030117808282375313
383,0.037625935673713695,-0.003646394610404946,-0.009159769330705891
384,-0.005245444178581249,-0.004205077886581421,0.008733125030994437
385,0.028626096163255482,-0.005102554602282386,0.004625778272747988
386,0.03315241783857348,-0.004887574911117576,-0.006269627809524558
387,0.02898029163479804,-0.004205872118473064,-0.0020579457283019797
388,0.11711518727242948,-0.001098176836967446,-0.01567177437245848
389,0.03304212726652622,0.016813386976718914,0.014054992236196995
390,-0.0066877782344818,0.025428805500268936,0.030570543184876453
391,-0.012344169616699208,0.010292359441518795,0.016832325235009216
392,-0.05588340396061539,-0.010314925884207092,0.0328972989693284
393,0.03950075805187225,0.0026611998677253945,-0.013452078402042378
394,0.1350243803113699,0.04840638814494014,-0.018746834993362438
395,-0.008938961633248255,0.003951521171256911,0.007936517987400304
396,0.0109205901622772,0.02975367531180384,-0.007739548385143291
397,0.028589575737714756,-0.008566279709339153,0.0016836278140545113
398,0.12886150861158968,0.004324987903237348,0.014801311705793657
399,-0.016182102262973785,-0.005932861939072609,-0.011398418247699715
400,-0.029680564999580383,-0.0398616896321376,0.009538407996296905
401,0.01573925092816353,-0.006674287574631843,-0.012243324890732765
402,0.03278784677386282,0.03170504830777643,0.04359100703150032
403,0.012535765767097473,0.07664515916258097,0.015672093629837014
404,0.05275342594832183,0.022078059992054477,0.015743119269609473
405,0.007338744401931774,0.03889495217137867,0.05603509247303007
406,0.01107667088508607,0.003673759102821361,0.060012371838092826
407,0.0748813796788454,0.0032398911193013413,0.02600766792893411
408,0.02094843387603762,-0.005097658932209037,0.028679780662059784
409,-0.0011118724942207336,0.03355205552652479,0.014788109483197337
410,0.030988585203886032,0.04434084799140692,0.024884453043341637
411,0.02814362901780343,-0.027710439430342793,0.007758425921201684
412,0.005826196074485757,0.005174739658832528,-0.013993367552757263
413,0.014482046663761128,-0.04478708654642105,-0.010538560152053844
414,0.025829919427633297,-0.0028874356299638526,-0.009465482085943222
415,0.02901790738105775,0.0188953995704651,0.006665855646133423
416,-0.022969533503055584,-0.050403039902448654,-0.08874924778938292
417,-0.000823676586151123,0.003304080665111564,0.019742292910814307
418,0.029531059414148353,-0.043898284807801224,0.020283787325024616
419,0.057852913392707705,-0.03228636724608286,0.06408250168897212
420,0.03307403819635513,0.02162537518888713,-0.006172096915543102
421,-0.04627149645239115,-0.006388315558433555,0.006347376439306496
422,0.0019906342029571422,-0.022767514153383683,0.008264008164405812
423,0.0034245207905769237,-0.0028504624962806813,-0.004376235604286183
424,0.012567698955535889,0.04848320726305244,-0.007367609867027836
425,0.0032057821750640647,0.0077148914337158425,0.009007933735847462
426,0.051104612234565944,-0.00014249483744303154,0.001282191020436585
427,0.018802589178085305,0.02892016023397448,-0.014576731994748127
428,0.050066740810871146,0.015685617923736572,-0.017687034606933605
429,0.037115536630153656,0.025395388901233662,0.015673995763063442
430,0.06985067562200128,-0.0165902742716883,-0.014854407956590876
431,0.00976871450742084,0.061209781923227846,0.015871289585317888
432,0.03095689248293637,-0.004328341947661518,0.01358700709210503
433,0.03652320411056281,0.018171020783483982,0.016431964188814152
434,-0.00880173295736314,0.02650991496112609,-0.015619498491287243
435,-0.0009056702256202698,0.017737379670143105,0.0125863216817379
436,0.45111458003520966,0.007601092755794514,-0.008500380814075448
437,0.004426100850105308,0.0010758876800537331,0.005373407155275345
438,0.05481700599193573,0.0011688165366649517,-0.018465743958950065
439,-0.0017446309328079113,0.028448739647865318,0.001700758934020996
440,-0.007289292556898919,0.006204159930348396,-0.021503482945263386
441,0.03532117898575962,-0.004882445041504174,-0.0008197514938988737
442,0.0204265356063843,0.004121699184179317,0.05064862221479416
443,0.002681133151054338,-0.0055067092180252075,-0.014176931977272045
444,0.06222780586944687,-0.021015658602118514,-0.0010988836487134113
445,0.012239818274974834,0.020446188747882843,0.0254377368837595
446,0.037559083849191655,0.046311154961586,-0.0018434539437294228
447,0.04542037397623061,0.019322729772991598,0.02587472591549156
448,0.08336600512266157,0.015496845543384541,-0.03509909742408329
449,-0.02170675210654735,-0.018147020973265177,0.0
450,0.006547675444744522,-0.030966969339975295,0.0
451,0.11523375278338788,-0.01100364774465562,0.016573359817266486
452,0.0068626056114832745,-0.00011470355093479156,0.013725428283214547
453,-0.004762502014637016,0.01078386455774305,0.017016285657882713
454,-0.056053051518069386,0.00678551010787487,-0.03364117741584777
455,0.001263016462326072,0.007286230102181435,-0.008501207828521706
456,0.026454950124025323,0.01976695325639513,0.00403385646641255
457,0.01274690479040147,0.010239742696285248,0.028318742662668206
458,0.001005050539970409,0.05618563890457154,0.013970994204282772
459,0.04788204003125429,0.0058951981365680806,0.01623829416930675
460,0.00631929114460944,0.027578505873680104,0.01793849766254424
461,0.0574663572013378,0.02462516352534294,0.02224414567980501
462,-0.0006945908069610485,-0.004273040427101971,-0.00010466128587721668
463,0.09146452695131302,0.05422231058279675,0.08112354824940365
464,0.027820521593093894,0.012226486951112725,0.01053674817085265
465,0.07872379277832808,-0.0020465204492211564,0.03419824782758951
466,0.03071714813510576,-0.016241240501403797,-0.013023314625024818
467,0.04891682623161209,0.015875766798853885,-0.007460239343345165
468,0.01975654289126394,0.028879096545279037,0.09882213771343229
469,0.014798263708750425,-0.0031532838940620533,0.005871216394007228
470,0.014285327494144462,0.015503067523241043,0.006768316030502319
471,0.02828359156846999,-0.015363816171884537,-0.009250859916210219
472,0.05505038176973659,0.00044401437044144787,-0.001138071219126402
473,0.058029413502663385,0.013193395733833324,0.009709355235099804
474,0.019952109456062295,0.01182827353477478,-0.03373990228606594
475,0.010230690939351916,0.011699488013982795,0.027996272221207597
476,0.07367690280079842,-0.02232086956501006,-0.05709502721826237
477,-0.002729447185993217,0.02002780232578516,0.037368598952889465
478,0.02847941741347315,0.005652002990245819,0.0018689323216676823
479,0.047555509582161926,0.09278674453962593,0.04795157480984924
480,0.5231212675571442,0.0033385008573532104,-0.010294532775878884
481,0.029452102631330468,-0.0007495209574699402,-0.018403154984116543
482,0.03676095381379127,0.059889753245645105,0.015819819437132954
483,0.019092126935720433,0.031728866696357716,0.02042776708387667
484,0.016791599988937367,0.00736328065395353,0.013277049362659443
485,0.058393105491995834,-0.08315153047442436,-0.038495312444865704
486,-0.001188218779861916,0.03264580518007276,0.01321389419026675
487,0.0480416938662529,-0.00586126372218132,0.040616785269230626
488,0.059006228297948826,0.0008728519082069619,-0.0004889190196990523
489,0.07264435961842536,0.014821872115135193,-0.007821445663770021
490,0.006853909433630179,0.005847148628163268,-0.035905419010305195
491,0.07600752849664005,0.03909100890159606,-0.006558412313461326
492,0.0009644523262977711,-0.004723216593265522,0.0004027828574180714
493,-0.0015916541218757851,-0.03066623378545047,-0.020383640378713597
494,0.010553879042466463,0.010564563889056466,0.024354485049843777
495,0.010801838338375114,0.00766376405954361,0.006359307467937447
496,-0.006700284779071808,0.009799982820238362,0.004798482358455702
497,0.007777354121208169,0.0033864572644233815,0.01353740766644479
498,0.07378259077668192,0.10905472934246063,0.004691064357757568
499,0.04405651055276394,-0.033068536470333754,-0.015727355144917965
